{
    "default": {
        "firebase": { "version": "0.0.0" },
        "@angular-devkit/architect": { "dev": true, "version": "0.0.0" },
        "firebase-tools": { "dev": true, "version": "0.0.0" },
        "fuzzy": { "dev": true, "version": "0.0.0"},
        "inquirer": { "dev": true, "version": "0.0.0"},
        "inquirer-autocomplete-prompt": { "dev": true, "version": "0.0.0"}
    },
    "firebaseFunctions": {
        "firebase-admin": { "dev": true, "version": "0.0.0" },
        "firebase-functions": { "dev": true, "version":  "0.0.0" },
        "firebase-functions-test": { "dev": true, "version": "0.0.0" }
    }
}
